{"cameraMode":{"drawMode":0,"name":"Shaded","section":"Shading Mode"},"sceneLighting":true,"audioPlay":false,"sceneViewState":{"m_AlwaysRefresh":false,"showFog":true,"showSkybox":true,"showFlares":true,"showImageEffects":true,"showParticleSystems":true,"showVisualEffectGraphs":true,"m_FxEnabled":true},"in2DMode":false,"pivot":{"x":-0.000016391277313232422,"y":0.9296355843544006,"z":0.02619326114654541},"rotation":{"x":-0.12295760959386826,"y":0.025895921513438226,"z":-0.0032087250147014858,"w":-0.9920852780342102},"size":1.735724687576294,"orthographic":false}